threshold,N,shown,label2,label1,label0,zero_queries,Good@5,nDCG@5,Worth%,Bad%,Top1=0,Quiet miss,Good@N,F7_q02,F7_q15,F7_q16,F7_q17,case_repeat_low_value,case_lexical_trap,case_unrelated,case_resolve_action,case_worry_outcome,case_implicit_link,case_recurring,case_change,case_reversal
0.35,1,17,10,0,7,0,0.2179,0.3014,0.5882,0.4118,0.4118,1.0000,0.7692,1,1,1,1,6,1,0,0,2,0,2,4,2
0.35,3,51,23,6,22,0,0.5000,0.5433,0.4510,0.4314,0.4118,3.0000,0.5897,3,3,3,3,16,6,0,1,6,0,5,7,4
0.35,5,85,33,15,37,0,0.7051,0.6870,0.3882,0.4353,0.4118,5.0000,0.7051,5,5,5,5,21,16,0,4,6,2,6,10,5
0.36,1,17,10,0,7,0,0.2179,0.3014,0.5882,0.4118,0.4118,1.0000,0.7692,1,1,1,1,6,1,0,0,2,0,2,4,2
0.36,3,51,23,6,22,0,0.5000,0.5433,0.4510,0.4314,0.4118,3.0000,0.5897,3,3,3,3,16,6,0,1,6,0,5,7,4
0.36,5,85,33,15,37,0,0.7051,0.6870,0.3882,0.4353,0.4118,5.0000,0.7051,5,5,5,5,21,16,0,4,6,2,6,10,5
0.37,1,17,10,0,7,0,0.2179,0.3014,0.5882,0.4118,0.4118,1.0000,0.7692,1,1,1,1,6,1,0,0,2,0,2,4,2
0.37,3,51,23,6,22,0,0.5000,0.5433,0.4510,0.4314,0.4118,3.0000,0.5897,3,3,3,3,16,6,0,1,6,0,5,7,4
0.37,5,85,33,15,37,0,0.7051,0.6870,0.3882,0.4353,0.4118,5.0000,0.7051,5,5,5,5,21,16,0,4,6,2,6,10,5
0.38,1,17,10,0,7,0,0.2179,0.3014,0.5882,0.4118,0.4118,1.0000,0.7692,1,1,1,1,6,1,0,0,2,0,2,4,2
0.38,3,51,23,6,22,0,0.5000,0.5433,0.4510,0.4314,0.4118,3.0000,0.5897,3,3,3,3,16,6,0,1,6,0,5,7,4
0.38,5,85,33,15,37,0,0.7051,0.6870,0.3882,0.4353,0.4118,5.0000,0.7051,5,5,5,5,21,16,0,4,6,2,6,10,5
0.39,1,17,10,0,7,0,0.2179,0.3014,0.5882,0.4118,0.4118,1.0000,0.7692,1,1,1,1,6,1,0,0,2,0,2,4,2
0.39,3,51,23,6,22,0,0.5000,0.5433,0.4510,0.4314,0.4118,3.0000,0.5897,3,3,3,3,16,6,0,1,6,0,5,7,4
0.39,5,85,33,15,37,0,0.7051,0.6870,0.3882,0.4353,0.4118,5.0000,0.7051,5,5,5,5,21,16,0,4,6,2,6,10,5
0.40,1,17,10,0,7,0,0.2179,0.3014,0.5882,0.4118,0.4118,1.0000,0.7692,1,1,1,1,6,1,0,0,2,0,2,4,2
0.40,3,51,23,6,22,0,0.5000,0.5433,0.4510,0.4314,0.4118,3.0000,0.5897,3,3,3,3,16,6,0,1,6,0,5,7,4
0.40,5,85,33,15,37,0,0.7051,0.6870,0.3882,0.4353,0.4118,5.0000,0.7051,5,5,5,5,21,16,0,4,6,2,6,10,5
0.41,1,17,10,0,7,0,0.2179,0.3014,0.5882,0.4118,0.4118,1.0000,0.7692,1,1,1,1,6,1,0,0,2,0,2,4,2
0.41,3,51,23,6,22,0,0.5000,0.5433,0.4510,0.4314,0.4118,3.0000,0.5897,3,3,3,3,16,6,0,1,6,0,5,7,4
0.41,5,85,33,15,37,0,0.7051,0.6870,0.3882,0.4353,0.4118,5.0000,0.7051,5,5,5,5,21,16,0,4,6,2,6,10,5
0.42,1,17,10,0,7,0,0.2179,0.3014,0.5882,0.4118,0.4118,1.0000,0.7692,1,1,1,1,6,1,0,0,2,0,2,4,2
0.42,3,51,23,6,22,0,0.5000,0.5433,0.4510,0.4314,0.4118,3.0000,0.5897,3,3,3,3,16,6,0,1,6,0,5,7,4
0.42,5,85,33,15,37,0,0.7051,0.6870,0.3882,0.4353,0.4118,5.0000,0.7051,5,5,5,5,21,16,0,4,6,2,6,10,5
0.43,1,17,10,0,7,0,0.2179,0.3014,0.5882,0.4118,0.4118,1.0000,0.7692,1,1,1,1,6,1,0,0,2,0,2,4,2
0.43,3,51,23,6,22,0,0.5000,0.5433,0.4510,0.4314,0.4118,3.0000,0.5897,3,3,3,3,16,6,0,1,6,0,5,7,4
0.43,5,85,33,15,37,0,0.7051,0.6870,0.3882,0.4353,0.4118,5.0000,0.7051,5,5,5,5,21,16,0,4,6,2,6,10,5
0.44,1,17,10,0,7,0,0.2179,0.3014,0.5882,0.4118,0.4118,1.0000,0.7692,1,1,1,1,6,1,0,0,2,0,2,4,2
0.44,3,51,23,6,22,0,0.5000,0.5433,0.4510,0.4314,0.4118,3.0000,0.5897,3,3,3,3,16,6,0,1,6,0,5,7,4
0.44,5,85,33,15,37,0,0.7051,0.6870,0.3882,0.4353,0.4118,5.0000,0.7051,5,5,5,5,21,16,0,4,6,2,6,10,5
0.45,1,17,10,0,7,0,0.2179,0.3014,0.5882,0.4118,0.4118,1.0000,0.7692,1,1,1,1,6,1,0,0,2,0,2,4,2
0.45,3,51,23,6,22,0,0.5000,0.5433,0.4510,0.4314,0.4118,3.0000,0.5897,3,3,3,3,16,6,0,1,6,0,5,7,4
0.45,5,85,33,15,37,0,0.7051,0.6870,0.3882,0.4353,0.4118,5.0000,0.7051,5,5,5,5,21,16,0,4,6,2,6,10,5
0.46,1,17,10,0,7,0,0.2179,0.3014,0.5882,0.4118,0.4118,1.0000,0.7692,1,1,1,1,6,1,0,0,2,0,2,4,2
0.46,3,51,23,6,22,0,0.5000,0.5433,0.4510,0.4314,0.4118,3.0000,0.5897,3,3,3,3,16,6,0,1,6,0,5,7,4
0.46,5,85,33,15,37,0,0.7051,0.6870,0.3882,0.4353,0.4118,5.0000,0.7051,5,5,5,5,21,16,0,4,6,2,6,10,5
0.47,1,17,10,0,7,0,0.2179,0.3014,0.5882,0.4118,0.4118,1.0000,0.7692,1,1,1,1,6,1,0,0,2,0,2,4,2
0.47,3,51,23,6,22,0,0.5000,0.5433,0.4510,0.4314,0.4118,3.0000,0.5897,3,3,3,3,16,6,0,1,6,0,5,7,4
0.47,5,85,33,15,37,0,0.7051,0.6870,0.3882,0.4353,0.4118,5.0000,0.7051,5,5,5,5,21,16,0,4,6,2,6,10,5
0.48,1,17,10,0,7,0,0.2179,0.3014,0.5882,0.4118,0.4118,1.0000,0.7692,1,1,1,1,6,1,0,0,2,0,2,4,2
0.48,3,51,23,6,22,0,0.5000,0.5433,0.4510,0.4314,0.4118,3.0000,0.5897,3,3,3,3,16,6,0,1,6,0,5,7,4
0.48,5,85,33,15,37,0,0.7051,0.6870,0.3882,0.4353,0.4118,5.0000,0.7051,5,5,5,5,21,16,0,4,6,2,6,10,5
0.49,1,17,10,0,7,0,0.2179,0.3014,0.5882,0.4118,0.4118,1.0000,0.7692,1,1,1,1,6,1,0,0,2,0,2,4,2
0.49,3,51,23,6,22,0,0.5000,0.5433,0.4510,0.4314,0.4118,3.0000,0.5897,3,3,3,3,16,6,0,1,6,0,5,7,4
0.49,5,85,33,15,37,0,0.7051,0.6870,0.3882,0.4353,0.4118,5.0000,0.7051,5,5,5,5,21,16,0,4,6,2,6,10,5
0.50,1,17,10,0,7,0,0.2179,0.3014,0.5882,0.4118,0.4118,1.0000,0.7692,1,1,1,1,6,1,0,0,2,0,2,4,2
0.50,3,51,23,6,22,0,0.5000,0.5433,0.4510,0.4314,0.4118,3.0000,0.5897,3,3,3,3,16,6,0,1,6,0,5,7,4
0.50,5,85,33,15,37,0,0.7051,0.6870,0.3882,0.4353,0.4118,5.0000,0.7051,5,5,5,5,21,16,0,4,6,2,6,10,5
0.51,1,17,10,0,7,0,0.2179,0.3014,0.5882,0.4118,0.4118,1.0000,0.7692,1,1,1,1,6,1,0,0,2,0,2,4,2
0.51,3,51,23,6,22,0,0.5000,0.5433,0.4510,0.4314,0.4118,3.0000,0.5897,3,3,3,3,16,6,0,1,6,0,5,7,4
0.51,5,83,33,13,37,0,0.7051,0.6870,0.3882,0.4458,0.4118,4.5000,0.7051,5,3,5,5,21,16,0,4,6,2,6,10,5
0.52,1,17,10,0,7,0,0.2179,0.3014,0.5882,0.4118,0.4118,1.0000,0.7692,1,1,1,1,6,1,0,0,2,0,2,4,2
0.52,3,51,23,6,22,0,0.5000,0.5433,0.4510,0.4314,0.4118,3.0000,0.5897,3,3,3,3,16,6,0,1,6,0,5,7,4
0.52,5,83,33,13,37,0,0.7051,0.6870,0.3882,0.4458,0.4118,4.5000,0.7051,5,3,5,5,21,16,0,4,6,2,6,10,5
0.53,1,17,10,0,7,0,0.2179,0.3014,0.5882,0.4118,0.4118,1.0000,0.7692,1,1,1,1,6,1,0,0,2,0,2,4,2
0.53,3,51,23,6,22,0,0.5000,0.5433,0.4510,0.4314,0.4118,3.0000,0.5897,3,3,3,3,16,6,0,1,6,0,5,7,4
0.53,5,81,33,12,36,0,0.7051,0.6829,0.4039,0.4444,0.4118,4.5000,0.7051,5,3,5,5,21,15,0,4,6,2,6,10,5
0.54,1,17,10,0,7,0,0.2179,0.3014,0.5882,0.4118,0.4118,1.0000,0.7692,1,1,1,1,6,1,0,0,2,0,2,4,2
0.54,3,50,23,6,21,0,0.5000,0.5433,0.4510,0.4200,0.4118,2.7500,0.5897,3,2,3,3,16,5,0,1,6,0,5,7,4
0.54,5,80,33,12,35,0,0.7051,0.6829,0.4039,0.4375,0.4118,4.2500,0.7051,5,2,5,5,21,14,0,4,6,2,6,10,5
0.55,1,17,10,0,7,0,0.2179,0.3014,0.5882,0.4118,0.4118,1.0000,0.7692,1,1,1,1,6,1,0,0,2,0,2,4,2
0.55,3,49,23,6,20,0,0.5000,0.5433,0.4510,0.4082,0.4118,2.5000,0.5897,3,1,3,3,16,4,0,1,6,0,5,7,4
0.55,5,77,32,12,33,0,0.6859,0.6718,0.3980,0.4286,0.4118,3.7500,0.6859,5,1,5,4,21,12,0,4,6,2,6,10,4
0.56,1,17,10,0,7,0,0.2179,0.3014,0.5882,0.4118,0.4118,1.0000,0.7692,1,1,1,1,6,1,0,0,2,0,2,4,2
0.56,3,49,23,6,20,0,0.5000,0.5433,0.4510,0.4082,0.4118,2.5000,0.5897,3,1,3,3,16,4,0,1,6,0,5,7,4
0.56,5,75,31,12,32,0,0.6667,0.6607,0.3922,0.4267,0.4118,3.5000,0.6667,5,1,4,4,21,11,0,4,6,1,6,10,4
0.57,1,17,10,0,7,0,0.2179,0.3014,0.5882,0.4118,0.4118,1.0000,0.7692,1,1,1,1,6,1,0,0,2,0,2,4,2
0.57,3,49,23,6,20,0,0.5000,0.5433,0.4510,0.4082,0.4118,2.5000,0.5897,3,1,3,3,16,4,0,1,6,0,5,7,4
0.57,5,71,30,10,31,0,0.6474,0.6400,0.4039,0.4366,0.4118,3.5000,0.6474,5,1,4,4,21,10,0,4,6,1,6,9,4
0.58,1,17,10,0,7,0,0.2179,0.3014,0.5882,0.4118,0.4118,1.0000,0.7692,1,1,1,1,6,1,0,0,2,0,2,4,2
0.58,3,49,23,6,20,0,0.5000,0.5433,0.4510,0.4082,0.4118,2.5000,0.5897,3,1,3,3,16,4,0,1,6,0,5,7,4
0.58,5,70,30,10,30,0,0.6474,0.6400,0.4039,0.4286,0.4118,3.2500,0.6474,5,1,3,4,21,9,0,4,6,1,6,9,4
0.59,1,17,10,0,7,0,0.2179,0.3014,0.5882,0.4118,0.4118,1.0000,0.7692,1,1,1,1,6,1,0,0,2,0,2,4,2
0.59,3,48,22,6,20,0,0.4808,0.5290,0.4412,0.4167,0.4118,2.5000,0.5641,3,1,3,3,16,4,0,1,5,0,5,7,4
0.59,5,66,28,9,29,0,0.6090,0.6097,0.4078,0.4394,0.4118,3.2500,0.6090,5,1,3,4,20,9,0,4,5,0,6,9,4
0.60,1,17,10,0,7,0,0.2179,0.3014,0.5882,0.4118,0.4118,1.0000,0.7692,1,1,1,1,6,1,0,0,2,0,2,4,2
0.60,3,46,21,6,19,0,0.4615,0.5147,0.4510,0.4130,0.4118,2.5000,0.5385,3,1,3,3,15,4,0,1,4,0,5,7,4
0.60,5,60,26,8,26,0,0.5641,0.5793,0.4363,0.4333,0.4118,3.2500,0.5641,5,1,3,4,17,9,0,3,4,0,6,9,4
0.61,1,17,10,0,7,0,0.2179,0.3014,0.5882,0.4118,0.4118,1.0000,0.7692,1,1,1,1,6,1,0,0,2,0,2,4,2
0.61,3,45,20,6,19,0,0.4423,0.5004,0.4412,0.4222,0.4118,2.5000,0.5128,3,1,3,3,15,4,0,1,3,0,5,7,4
0.61,5,53,23,7,23,0,0.5000,0.5389,0.4333,0.4340,0.4118,3.0000,0.5000,5,1,3,3,17,6,0,3,3,0,6,7,4
0.62,1,17,10,0,7,0,0.2179,0.3014,0.5882,0.4118,0.4118,1.0000,0.7692,1,1,1,1,6,1,0,0,2,0,2,4,2
0.62,3,45,20,6,19,0,0.4423,0.5004,0.4412,0.4222,0.4118,2.5000,0.5128,3,1,3,3,15,4,0,1,3,0,5,7,4
0.62,5,53,23,7,23,0,0.5000,0.5389,0.4333,0.4340,0.4118,3.0000,0.5000,5,1,3,3,17,6,0,3,3,0,6,7,4
0.63,1,16,10,0,6,1,0.2179,0.3014,0.6250,0.3750,0.3750,0.7500,0.7692,1,0,1,1,5,1,0,0,2,0,2,4,2
0.63,3,41,19,6,16,1,0.4231,0.4861,0.4896,0.3902,0.3750,2.2500,0.4872,3,0,3,3,13,3,0,1,3,0,5,7,3
0.63,5,47,21,7,19,1,0.4615,0.5136,0.4885,0.4043,0.3750,2.7500,0.4615,5,0,3,3,15,4,0,3,3,0,5,7,3
0.64,1,15,9,0,6,2,0.1923,0.2694,0.6000,0.4000,0.4000,0.7500,0.6923,1,0,1,1,5,1,0,0,2,0,1,4,2
0.64,3,37,17,5,15,2,0.3718,0.4279,0.4889,0.4054,0.4000,2.2500,0.4359,3,0,3,3,12,3,0,1,3,0,3,7,3
0.64,5,42,19,5,18,2,0.4103,0.4512,0.4989,0.4286,0.4000,2.7500,0.4103,5,0,3,3,14,4,0,3,3,0,3,7,3
0.65,1,15,9,0,6,2,0.1923,0.2694,0.6000,0.4000,0.4000,0.7500,0.6923,1,0,1,1,5,1,0,0,2,0,1,4,2
0.65,3,37,17,5,15,2,0.3718,0.4279,0.4889,0.4054,0.4000,2.2500,0.4359,3,0,3,3,12,3,0,1,3,0,3,7,3
0.65,5,42,19,5,18,2,0.4103,0.4512,0.4989,0.4286,0.4000,2.7500,0.4103,5,0,3,3,14,4,0,3,3,0,3,7,3
0.66,1,15,9,0,6,2,0.1923,0.2694,0.6000,0.4000,0.4000,0.7500,0.6923,1,0,1,1,5,1,0,0,2,0,1,4,2
0.66,3,35,16,5,14,2,0.3462,0.4065,0.5222,0.4000,0.4000,2.2500,0.4103,3,0,3,3,11,3,0,1,2,0,3,7,3
0.66,5,38,16,5,17,2,0.3462,0.4065,0.5167,0.4474,0.4000,2.7500,0.3462,5,0,3,3,13,4,0,1,2,0,3,7,3
0.67,1,15,9,0,6,2,0.1923,0.2694,0.6000,0.4000,0.4000,0.7500,0.6923,1,0,1,1,5,1,0,0,2,0,1,4,2
0.67,3,32,16,4,12,2,0.3462,0.4018,0.5778,0.3750,0.4000,2.0000,0.4103,3,0,3,2,10,2,0,1,2,0,3,7,3
0.67,5,34,16,4,14,2,0.3462,0.4018,0.5778,0.4118,0.4000,2.5000,0.3462,5,0,3,2,12,2,0,1,2,0,3,7,3
0.68,1,15,9,0,6,2,0.1923,0.2694,0.6000,0.4000,0.4000,0.7500,0.6923,1,0,1,1,5,1,0,0,2,0,1,4,2
0.68,3,28,14,4,10,2,0.3077,0.3694,0.6000,0.3571,0.4000,1.7500,0.3590,3,0,3,1,9,1,0,0,2,0,3,7,2
0.68,5,30,14,4,12,2,0.3077,0.3694,0.6000,0.4000,0.4000,2.2500,0.3077,5,0,3,1,11,1,0,0,2,0,3,7,2
0.69,1,14,8,0,6,3,0.1731,0.2408,0.5714,0.4286,0.4286,0.7500,0.6154,1,0,1,1,5,1,0,0,2,0,1,3,2
0.69,3,26,13,4,9,3,0.2885,0.3409,0.5952,0.3462,0.4286,1.7500,0.3333,3,0,3,1,8,1,0,0,2,0,3,6,2
0.69,5,28,13,4,11,3,0.2885,0.3409,0.5952,0.3929,0.4286,2.2500,0.2885,5,0,3,1,10,1,0,0,2,0,3,6,2
0.70,1,13,7,0,6,4,0.1538,0.2122,0.5385,0.4615,0.4615,0.7500,0.5385,1,0,1,1,5,1,0,0,1,0,1,3,2
0.70,3,23,11,3,9,4,0.2500,0.2920,0.5385,0.3913,0.4615,1.7500,0.2821,3,0,3,1,8,1,0,0,1,0,3,5,2
0.70,5,25,11,3,11,4,0.2500,0.2920,0.5385,0.4400,0.4615,2.2500,0.2500,5,0,3,1,10,1,0,0,1,0,3,5,2
0.71,1,12,7,0,5,5,0.1538,0.2122,0.5833,0.4167,0.4167,0.7500,0.5385,1,0,1,1,5,0,0,0,1,0,1,3,2
0.71,3,19,9,3,7,5,0.2051,0.2537,0.5833,0.3684,0.4167,1.5000,0.2308,3,0,2,1,7,0,0,0,1,0,2,4,2
0.71,5,20,9,3,8,5,0.2051,0.2537,0.5833,0.4000,0.4167,1.7500,0.2051,4,0,2,1,8,0,0,0,1,0,2,4,2
0.72,1,11,6,0,5,6,0.1282,0.1802,0.5455,0.4545,0.4545,0.7500,0.4615,1,0,1,1,5,0,0,0,1,0,1,3,1
0.72,3,16,8,2,6,6,0.1795,0.2164,0.6061,0.3750,0.4545,1.5000,0.2051,3,0,2,1,6,0,0,0,1,0,2,4,1
0.72,5,16,8,2,6,6,0.1795,0.2164,0.6061,0.3750,0.4545,1.5000,0.1795,3,0,2,1,6,0,0,0,1,0,2,4,1
0.73,1,11,6,0,5,6,0.1282,0.1802,0.5455,0.4545,0.4545,0.7500,0.4615,1,0,1,1,5,0,0,0,1,0,1,3,1
0.73,3,15,8,1,6,6,0.1795,0.2164,0.6061,0.4000,0.4545,1.2500,0.2051,3,0,1,1,6,0,0,0,1,0,2,4,1
0.73,5,15,8,1,6,6,0.1795,0.2164,0.6061,0.4000,0.4545,1.2500,0.1795,3,0,1,1,6,0,0,0,1,0,2,4,1
0.74,1,9,4,0,5,8,0.0833,0.1196,0.4444,0.5556,0.5556,0.7500,0.3077,1,0,1,1,5,0,0,0,1,0,1,2,0
0.74,3,13,6,1,6,8,0.1346,0.1558,0.5185,0.4615,0.5556,1.2500,0.1538,3,0,1,1,6,0,0,0,1,0,2,3,0
0.74,5,13,6,1,6,8,0.1346,0.1558,0.5185,0.4615,0.5556,1.2500,0.1346,3,0,1,1,6,0,0,0,1,0,2,3,0
0.75,1,7,2,0,5,10,0.0385,0.0572,0.2857,0.7143,0.7143,0.7500,0.1538,1,0,1,1,5,0,0,0,1,0,1,0,0
0.75,3,10,4,1,5,10,0.0897,0.0934,0.3810,0.5000,0.7143,1.0000,0.1026,2,0,1,1,5,0,0,0,1,0,2,1,0
0.75,5,10,4,1,5,10,0.0897,0.0934,0.3810,0.5000,0.7143,1.0000,0.0897,2,0,1,1,5,0,0,0,1,0,2,1,0
0.76,1,7,2,0,5,10,0.0385,0.0572,0.2857,0.7143,0.7143,0.7500,0.1538,1,0,1,1,5,0,0,0,1,0,1,0,0
0.76,3,10,4,1,5,10,0.0897,0.0934,0.3810,0.5000,0.7143,1.0000,0.1026,2,0,1,1,5,0,0,0,1,0,2,1,0
0.76,5,10,4,1,5,10,0.0897,0.0934,0.3810,0.5000,0.7143,1.0000,0.0897,2,0,1,1,5,0,0,0,1,0,2,1,0
0.77,1,6,1,0,5,11,0.0192,0.0286,0.1667,0.8333,0.8333,0.7500,0.0769,1,0,1,1,5,0,0,0,1,0,0,0,0
0.77,3,9,3,1,5,11,0.0705,0.0648,0.2778,0.5556,0.8333,1.0000,0.0769,2,0,1,1,5,0,0,0,1,0,1,1,0
0.77,5,9,3,1,5,11,0.0705,0.0648,0.2778,0.5556,0.8333,1.0000,0.0705,2,0,1,1,5,0,0,0,1,0,1,1,0
0.78,1,5,0,0,5,12,0.0000,0.0000,0.0000,1.0000,1.0000,0.7500,0.0000,1,0,1,1,5,0,0,0,0,0,0,0,0
0.78,3,7,2,0,5,12,0.0513,0.0362,0.1333,0.7143,1.0000,0.7500,0.0513,1,0,1,1,5,0,0,0,0,0,1,1,0
0.78,5,7,2,0,5,12,0.0513,0.0362,0.1333,0.7143,1.0000,0.7500,0.0513,1,0,1,1,5,0,0,0,0,0,1,1,0
0.79,1,5,0,0,5,12,0.0000,0.0000,0.0000,1.0000,1.0000,0.7500,0.0000,1,0,1,1,5,0,0,0,0,0,0,0,0
0.79,3,6,1,0,5,12,0.0256,0.0202,0.1000,0.8333,1.0000,0.7500,0.0256,1,0,1,1,5,0,0,0,0,0,1,0,0
0.79,5,6,1,0,5,12,0.0256,0.0202,0.1000,0.8333,1.0000,0.7500,0.0256,1,0,1,1,5,0,0,0,0,0,1,0,0
0.80,1,5,0,0,5,12,0.0000,0.0000,0.0000,1.0000,1.0000,0.7500,0.0000,1,0,1,1,5,0,0,0,0,0,0,0,0
0.80,3,6,1,0,5,12,0.0256,0.0202,0.1000,0.8333,1.0000,0.7500,0.0256,1,0,1,1,5,0,0,0,0,0,1,0,0
0.80,5,6,1,0,5,12,0.0256,0.0202,0.1000,0.8333,1.0000,0.7500,0.0256,1,0,1,1,5,0,0,0,0,0,1,0,0
0.81,1,5,0,0,5,12,0.0000,0.0000,0.0000,1.0000,1.0000,0.7500,0.0000,1,0,1,1,5,0,0,0,0,0,0,0,0
0.81,3,6,1,0,5,12,0.0256,0.0202,0.1000,0.8333,1.0000,0.7500,0.0256,1,0,1,1,5,0,0,0,0,0,1,0,0
0.81,5,6,1,0,5,12,0.0256,0.0202,0.1000,0.8333,1.0000,0.7500,0.0256,1,0,1,1,5,0,0,0,0,0,1,0,0
0.82,1,4,0,0,4,13,0.0000,0.0000,0.0000,1.0000,1.0000,0.5000,0.0000,1,0,1,0,4,0,0,0,0,0,0,0,0
0.82,3,5,1,0,4,13,0.0256,0.0202,0.1250,0.8000,1.0000,0.5000,0.0256,1,0,1,0,4,0,0,0,0,0,1,0,0
0.82,5,5,1,0,4,13,0.0256,0.0202,0.1250,0.8000,1.0000,0.5000,0.0256,1,0,1,0,4,0,0,0,0,0,1,0,0
0.83,1,4,0,0,4,13,0.0000,0.0000,0.0000,1.0000,1.0000,0.5000,0.0000,1,0,1,0,4,0,0,0,0,0,0,0,0
0.83,3,5,1,0,4,13,0.0256,0.0202,0.1250,0.8000,1.0000,0.5000,0.0256,1,0,1,0,4,0,0,0,0,0,1,0,0
0.83,5,5,1,0,4,13,0.0256,0.0202,0.1250,0.8000,1.0000,0.5000,0.0256,1,0,1,0,4,0,0,0,0,0,1,0,0
0.84,1,4,0,0,4,13,0.0000,0.0000,0.0000,1.0000,1.0000,0.5000,0.0000,1,0,1,0,4,0,0,0,0,0,0,0,0
0.84,3,4,0,0,4,13,0.0000,0.0000,0.0000,1.0000,1.0000,0.5000,0.0000,1,0,1,0,4,0,0,0,0,0,0,0,0
0.84,5,4,0,0,4,13,0.0000,0.0000,0.0000,1.0000,1.0000,0.5000,0.0000,1,0,1,0,4,0,0,0,0,0,0,0,0
0.85,1,2,0,0,2,15,0.0000,0.0000,0.0000,1.0000,1.0000,0.2500,0.0000,0,0,1,0,2,0,0,0,0,0,0,0,0
0.85,3,2,0,0,2,15,0.0000,0.0000,0.0000,1.0000,1.0000,0.2500,0.0000,0,0,1,0,2,0,0,0,0,0,0,0,0
0.85,5,2,0,0,2,15,0.0000,0.0000,0.0000,1.0000,1.0000,0.2500,0.0000,0,0,1,0,2,0,0,0,0,0,0,0,0
0.86,1,2,0,0,2,15,0.0000,0.0000,0.0000,1.0000,1.0000,0.2500,0.0000,0,0,1,0,2,0,0,0,0,0,0,0,0
0.86,3,2,0,0,2,15,0.0000,0.0000,0.0000,1.0000,1.0000,0.2500,0.0000,0,0,1,0,2,0,0,0,0,0,0,0,0
0.86,5,2,0,0,2,15,0.0000,0.0000,0.0000,1.0000,1.0000,0.2500,0.0000,0,0,1,0,2,0,0,0,0,0,0,0,0
0.87,1,1,0,0,1,16,0.0000,0.0000,0.0000,1.0000,1.0000,0.0000,0.0000,0,0,0,0,1,0,0,0,0,0,0,0,0
0.87,3,1,0,0,1,16,0.0000,0.0000,0.0000,1.0000,1.0000,0.0000,0.0000,0,0,0,0,1,0,0,0,0,0,0,0,0
0.87,5,1,0,0,1,16,0.0000,0.0000,0.0000,1.0000,1.0000,0.0000,0.0000,0,0,0,0,1,0,0,0,0,0,0,0,0
0.88,1,1,0,0,1,16,0.0000,0.0000,0.0000,1.0000,1.0000,0.0000,0.0000,0,0,0,0,1,0,0,0,0,0,0,0,0
0.88,3,1,0,0,1,16,0.0000,0.0000,0.0000,1.0000,1.0000,0.0000,0.0000,0,0,0,0,1,0,0,0,0,0,0,0,0
0.88,5,1,0,0,1,16,0.0000,0.0000,0.0000,1.0000,1.0000,0.0000,0.0000,0,0,0,0,1,0,0,0,0,0,0,0,0
0.89,1,0,0,0,0,17,0.0000,0.0000,nan,nan,nan,0.0000,0.0000,0,0,0,0,0,0,0,0,0,0,0,0,0
0.89,3,0,0,0,0,17,0.0000,0.0000,nan,nan,nan,0.0000,0.0000,0,0,0,0,0,0,0,0,0,0,0,0,0
0.89,5,0,0,0,0,17,0.0000,0.0000,nan,nan,nan,0.0000,0.0000,0,0,0,0,0,0,0,0,0,0,0,0,0
