pair_id,case,truth,mac_label,android_label,status,wall_ms,prompt_n,prompt_ms,predicted_n,predicted_ms,vm_hwm_mb
q01-g,repeat_low_value,0,0,2,ok,3792,409,1701.3,58,2072.512,2663.6
q01-e,ambiguous,1,2,2,ok,2076,63,419.959,41,1641.794,2683.1
q01-b,change,2,2,2,ok,2166,67,428.558,49,1720.189,2683.2
q01-c,lexical_trap,0,1,2,ok,2174,63,408.698,48,1746.238,2683.2
q01-d,resolve_action,2,2,2,ok,2646,68,542.011,51,2087.927,2683.8
q01-i,implicit_link,2,2,2,ok,2858,70,557.593,60,2280.703,2683.9
q01-f,lexical_trap,0,0,0,ok,3656,65,480.194,61,3159.111,2683.9
q01-a,worry_outcome,2,2,2,ok,2160,73,592.23,38,1550.791,2683.9
q01-h,unrelated,0,0,0,ok,2103,67,527.163,41,1558.618,2683.9
q02-a,repeat_low_value,0,0,0,ok,2154,51,448.707,41,1678.344,2683.9
q02-f,ambiguous,1,2,2,ok,2671,51,747.415,38,1907.632,2683.9
q02-b,repeat_low_value,0,0,0,ok,2341,49,493.791,47,1832.641,2683.9
q02-i,repeat_low_value,0,0,0,ok,3386,57,506.395,70,2854.588,2683.9
q02-d,repeat_low_value,0,2,0,ok,2498,59,557.389,43,1920.248,2683.9
q02-c,ambiguous,1,2,1,ok,2787,66,573.02,55,2198.591,2683.9
q02-e,ambiguous,1,0,0,ok,2039,57,520.7,37,1503.451,2683.9
q02-h,repeat_low_value,0,0,0,ok,2605,54,480.591,51,2106.396,2683.9
q02-g,unrelated,0,1,0,ok,2223,48,438.002,43,1766.917,2683.9
q03-b,reversal,2,0,2,ok,2509,62,758.284,43,1735.082,2683.9
q03-h,repeat_low_value,0,2,2,ok,2251,57,537.306,42,1695.332,2683.9
q03-a,ambiguous,1,2,2,ok,2641,58,564.233,53,2058.873,2683.9
q03-c,change,2,0,2,ok,2635,61,541.444,39,2064.331,2683.9
q03-d,resolve_action,2,2,0,ok,2829,59,542.839,59,2263.44,2683.9
q03-e,lexical_trap,0,2,2,ok,2877,59,533.328,56,2326.436,2683.9
q03-f,ambiguous,1,0,0,ok,3574,60,530.78,75,3023.631,2683.9
q03-i,ambiguous,1,2,1,ok,3806,61,771.761,70,3011.173,2683.9
q03-g,unrelated,0,0,2,ok,3624,57,584.494,76,3017.748,2683.9
q04-c,change,2,0,2,ok,3174,64,636.399,41,2516.464,2683.9
q04-h,repeat_low_value,0,2,2,ok,2315,57,511.661,45,1785.094,2683.9
q04-b,worry_outcome,2,2,2,ok,2682,63,601.244,49,2062.932,2683.9
q04-d,implicit_link,2,1,2,ok,2921,67,715.461,43,2184.603,2683.9
q04-g,ambiguous,1,2,2,ok,2995,64,1023.024,47,1956.245,2683.9
q04-a,repeat_low_value,0,2,2,ok,3201,61,633.819,48,2546.631,2683.9
q04-k,repeat_low_value,0,1,0,ok,3752,62,689.436,69,3041.618,2683.9
q04-e,resolve_action,2,2,2,ok,3672,69,1760.247,33,1891.136,2683.9
q04-f,lexical_trap,0,0,0,ok,1893,58,580.165,31,1288.409,2683.9
q04-i,unrelated,0,0,0,ok,2415,59,632.462,41,1754.227,2683.9
q04-j,lexical_trap,0,0,0,ok,2555,59,650.965,42,1882.494,2683.9
q05-a,worry_outcome,2,2,2,ok,3976,66,705.018,70,3249.787,2683.9
q05-c,lexical_trap,0,1,0,ok,4929,65,827.207,74,4083.383,2683.9
q05-j,worry_outcome,2,0,2,ok,2885,67,821.953,46,2041.789,2683.9
q05-g,ambiguous,1,2,2,ok,3334,57,603.008,42,2707.847,2683.9
q05-e,implicit_link,2,0,2,ok,3045,59,641.025,47,2375.913,2736.9
q05-i,ambiguous,1,2,2,ok,3053,62,664.984,53,2366.79,2736.9
q05-f,ambiguous,1,2,0,ok,4086,59,1578.256,55,2486.742,2736.9
q05-b,resolve_action,2,2,2,ok,2710,62,729.223,46,1955.921,2736.9
q05-d,lexical_trap,0,0,0,ok,4222,58,630.956,61,3569.001,2736.9
q05-h,unrelated,0,0,0,ok,2635,56,645.404,42,1967.6,2736.9
q06-c,lexical_trap,0,2,2,ok,3361,62,661.75,59,2676.847,2736.9
q06-g,ambiguous,1,2,2,ok,4558,70,894.834,79,3643.716,2736.9
q06-a,reversal,2,2,2,ok,2909,69,776.7,48,2110.63,2736.9
q06-d,change,2,0,2,ok,2519,62,712.985,41,1785.598,2736.9
q06-b,reversal,2,0,2,ok,3190,61,860.881,51,2308.786,2736.9
q06-f,unrelated,0,2,0,ok,3392,62,677.067,59,2696.493,2736.9
q06-i,reversal,2,2,1,ok,2578,66,714.745,42,1839.345,2736.9
q06-e,ambiguous,1,2,2,ok,4489,59,663.458,63,3807.855,2736.9
q06-h,unrelated,0,0,0,ok,2749,58,644.716,48,2085.226,2736.9
q07-a,reversal,2,2,2,ok,2283,64,666.485,37,1598.171,2736.9
q07-b,change,2,2,2,ok,3114,63,680.903,49,2407.369,2736.9
q07-i,repeat_low_value,0,1,1,ok,3454,60,625.264,66,2808.882,2736.9
q07-d,lexical_trap,0,2,0,ok,2325,56,582.668,38,1724.956,2736.9
q07-f,ambiguous,1,2,2,ok,2798,58,634.991,46,2143.326,2736.9
q07-c,lexical_trap,0,0,0,ok,2812,59,659.116,47,2131.593,2736.9
q07-h,resolve_action,2,2,2,ok,3954,58,624.614,71,3306.986,2736.9
q07-e,ambiguous,1,1,0,ok,2497,57,616.392,44,1860.758,2736.9
q07-g,unrelated,0,0,0,ok,3052,51,634.095,53,2399.56,2736.9
q08-a,recurring,2,0,2,ok,3003,58,680.955,51,2279.185,2736.9
q08-b,recurring,2,2,2,ok,2784,56,609.037,49,2156.461,2736.9
q08-k,repeat_low_value,0,2,2,ok,3235,54,626.021,58,2589.625,2736.9
q08-c,change,2,2,2,ok,3211,63,695.207,60,2499.516,2736.9
q08-e,ambiguous,1,2,2,ok,3062,55,607.6,37,2438.332,2736.9
q08-j,ambiguous,1,2,2,ok,3063,53,663.005,47,2379.639,2736.9
q08-h,implicit_link,2,2,0,ok,2780,63,702.455,49,2057.882,2736.9
q08-f,lexical_trap,0,0,0,ok,2711,51,581.374,51,2108.006,2736.9
q08-d,repeat_low_value,0,0,1,ok,3335,56,590.076,59,2729.081,2736.9
q08-g,repeat_low_value,0,0,0,ok,2805,52,565.004,45,2222.053,2736.9
q08-i,unrelated,0,0,0,ok,2327,58,627.562,38,1682.721,2736.9
q09-a,change,2,2,2,ok,2915,64,945.489,45,1948.248,2736.9
q09-c,lexical_trap,0,0,0,ok,2542,53,743.168,39,1778.45,2736.9
q09-b,resolve_action,2,0,2,ok,3202,55,836.339,53,2349.201,2736.9
q09-i,resolve_action,2,2,2,ok,2680,56,619.654,48,2038.675,2736.9
q09-h,recurring,2,0,0,ok,3050,59,772.218,44,2260.267,2736.9
q09-d,lexical_trap,0,0,0,ok,3805,54,1673.272,47,2116.481,2736.9
q09-f,ambiguous,1,0,2,ok,3745,51,582.824,60,3146.578,2736.9
q09-e,ambiguous,1,2,0,ok,3766,60,635.815,66,3114.862,2736.9
q09-g,unrelated,0,0,0,ok,2440,54,601.874,42,1820.164,2736.9
q10-c,repeat_low_value,0,0,0,ok,2222,49,552.228,36,1649.901,2736.9
q10-a,recurring,2,1,2,ok,3385,50,551.858,62,2815.897,2736.9
q10-b,change,2,0,1,ok,3719,59,638.447,69,3058.78,2736.9
q10-d,repeat_low_value,0,0,0,ok,3101,48,574.666,58,2504.017,2736.9
q10-f,lexical_trap,0,2,2,ok,3492,49,894.857,56,2573.196,2736.9
q10-h,ambiguous,1,2,0,ok,2688,53,575.557,43,2093.902,2736.9
q10-g,ambiguous,1,0,1,ok,3427,56,614.148,62,2776.809,2736.9
q10-e,implicit_link,2,2,0,ok,6755,52,584.233,78,6141.245,2736.9
q10-i,unrelated,0,0,0,ok,2689,49,634.886,45,2038.017,2736.9
q11-c,change,2,2,1,ok,2561,56,610.541,40,1930.338,2736.9
q11-a,worry_outcome,2,2,2,ok,2658,55,723.185,36,1915.732,2736.9
q11-i,repeat_low_value,0,0,0,ok,3370,51,604.478,58,2740.139,2736.9
q11-b,repeat_low_value,0,2,2,ok,3605,54,681.416,56,2902.503,2736.9
q11-d,ambiguous,1,2,2,ok,3994,56,1518.773,51,2452.51,2736.9
q11-e,lexical_trap,0,0,2,ok,2991,54,679.49,47,2292.636,2736.9
q11-f,lexical_trap,0,2,0,ok,2953,55,699.2,42,2228.789,2736.9
q11-g,implicit_link,2,2,2,ok,4696,56,720.018,58,3948.686,2736.9
q11-h,unrelated,0,0,0,ok,2956,51,595.729,50,2341.499,2736.9
q12-a,change,2,1,1,ok,3785,63,790.184,65,2970.774,2736.9
q12-j,repeat_low_value,0,0,0,ok,3063,56,667.542,46,2367.38,2736.9
q12-e,worry_outcome,2,2,0,ok,3197,67,789.955,47,2381.279,2736.9
q12-c,lexical_trap,0,1,0,ok,3959,60,720.211,62,3214.752,2736.9
q12-h,repeat_low_value,0,0,0,ok,2998,53,648.382,48,2321.798,2736.9
q12-i,ambiguous,1,0,2,ok,3862,56,677.373,59,3158.905,2736.9
q12-d,repeat_low_value,0,0,2,ok,2875,59,770.558,41,2080.62,2736.9
q12-f,implicit_link,2,1,0,ok,4043,64,741.097,67,3283.36,2736.9
q12-k,resolve_action,2,2,2,ok,3454,57,679.257,57,2748.919,2736.9
q12-b,ambiguous,1,2,2,ok,4346,59,760.656,45,3567.192,2736.9
q12-g,unrelated,0,0,0,ok,3115,53,661.548,45,2434.646,2736.9
q13-a,recurring,2,2,2,ok,2623,50,676.101,40,1926.194,2736.9
q13-e,recurring,2,2,2,ok,3330,52,632.649,54,2673.559,2736.9
q13-f,lexical_trap,0,1,2,ok,2696,47,617.283,43,2055.115,2736.9
q13-d,lexical_trap,0,2,0,ok,4483,54,672.587,76,3787.692,2736.9
q13-c,lexical_trap,0,0,0,ok,4367,51,723.4,74,3616.642,2736.9
q13-h,ambiguous,1,0,0,ok,3705,49,602.378,58,3080.536,2736.9
q13-g,ambiguous,1,2,2,ok,2877,50,637.076,42,2213.67,2736.9
q13-b,recurring,2,1,0,ok,4378,52,635.143,73,3720.399,2736.9
q13-i,unrelated,0,0,0,ok,2924,43,621.583,46,2281.525,2736.9
q14-i,worry_outcome,2,2,2,ok,5257,75,1043.824,59,4192.681,2736.9
q14-a,reversal,2,2,2,ok,3485,66,792.888,52,2667.713,2736.9
q14-h,ambiguous,1,2,2,ok,2826,57,710.663,42,2091.315,2736.9
q14-b,ambiguous,1,2,2,ok,3887,61,791.854,62,3073.703,2736.9
q14-d,lexical_trap,0,2,0,ok,3347,59,731.953,51,2589.519,2736.9
q14-c,lexical_trap,0,2,2,ok,3977,61,751.6,65,3205.429,2736.9
q14-e,resolve_action,2,2,2,ok,3562,65,790.781,54,2732.718,2736.9
q14-f,change,2,2,2,ok,3432,59,790.26,52,2623.742,2736.9
q14-g,unrelated,0,0,0,ok,3541,58,1080.745,49,2437.423,2736.9
q15-d,repeat_low_value,0,0,0,ok,4089,52,640.563,58,3418.887,2736.9
q15-b,lexical_trap,0,2,2,ok,3678,65,780.513,58,2872.151,2736.9
q15-c,lexical_trap,0,2,1,ok,2880,55,703.317,46,2141.915,2736.9
q15-a,ambiguous,1,0,0,ok,4027,55,1631.093,43,2372.863,2736.9
q15-e,ambiguous,1,2,2,ok,3109,62,769.037,45,2319.738,2736.9
q15-f,unrelated,0,0,0,ok,4234,53,649.89,46,3563.048,2736.9
q15-h,unrelated,0,0,0,ok,2515,50,673.948,35,1815.708,2736.9
q15-g,unrelated,0,0,0,ok,4307,51,967.971,62,3317.481,2736.9
q16-c,repeat_low_value,0,2,1,ok,3906,44,589.957,64,3288.292,2736.9
q16-a,ambiguous,1,0,0,ok,2334,53,653.665,31,1661.92,2736.9
q16-b,repeat_low_value,0,0,0,ok,5589,49,609.42,58,2944.644,2736.9
q16-f,lexical_trap,0,1,2,ok,4443,54,663.085,53,3755.107,2736.9
q16-d,lexical_trap,0,0,2,ok,4177,54,674.041,69,3483.418,2736.9
q16-e,ambiguous,1,2,2,ok,3201,51,646.491,49,2532.438,2736.9
q16-h,unrelated,0,0,0,ok,3173,47,647.747,50,2505.294,2736.9
q16-g,unrelated,0,0,0,ok,3642,46,652.325,46,2965.247,2736.9
q17-a,repeat_low_value,0,0,0,ok,4358,49,603.511,68,3733.116,2736.9
q17-c,repeat_low_value,0,0,0,ok,5369,53,663.065,69,4683.853,2736.9
q17-b,repeat_low_value,0,0,0,ok,4666,51,660.521,74,3982.18,2736.9
q17-f,ambiguous,1,0,0,ok,3790,57,705.617,65,3061.106,2736.9
q17-e,lexical_trap,0,0,0,ok,3212,50,680.604,49,2508.293,2736.9
q17-d,lexical_trap,0,0,0,ok,3711,47,690.523,59,2998.631,2736.9
q17-h,unrelated,0,0,0,ok,3402,49,633.759,47,2745.249,2736.9
q17-g,unrelated,0,0,0,ok,3209,46,643.38,49,2545.604,2736.9
